Year,Month,Quarter_climate,Region,avg_temp_C,total_precip_m,avg_dewpoint_C,avg_rel_humidity_pct,temp_anomaly,precip_anomaly,temp_3m_avg,precip_3m_sum,drought_index,heat_stress,Date,Quarter_commodity,Coffee_Price,PMAIZMTUSDM,PWHEAMTUSDM,PSOYBUSDM,PCOTTINDUSDM,PRICENPQUSDM,PCOCOUSDM
2015,2,1,COLOMBIA,20.183645,0.012962631,16.264658,78.25113,-0.3695446250000032,0.004340668416666667,20.183645,0.012962631,0.041295130916666985,24.0962015,2015-02-01,1,178.8885,173.758865789474,201.74206877193,364.739238868421,69.8425,409.5,2961.93571359903
2015,2,1,MINAS GERAIS (BRA),23.379852,0.008624049,17.984507,72.331535,0.18917550000000105,0.0022627437916666665,23.379852,0.008624049,-0.01665480620833344,26.99642875,2015-02-01,1,178.8885,173.758865789474,201.74206877193,364.739238868421,69.8425,409.5,2961.93571359903
2015,3,1,COLOMBIA,20.183645,0.012962631,16.264658,78.25113,-0.3695446250000032,0.004340668416666667,20.183645,0.025925262,0.041295130916666985,24.0962015,2015-03-01,1,160.735909090909,174.293821428571,202.691426666667,359.595560386364,69.3522727272727,400.727272727273,2878.03316733308
2015,3,1,MINAS GERAIS (BRA),23.379852,0.008624049,17.984507,72.331535,0.18917550000000105,0.0022627437916666665,23.379852,0.017248098,-0.01665480620833344,26.99642875,2015-03-01,1,160.735909090909,174.293821428571,202.691426666667,359.595560386364,69.3522727272727,400.727272727273,2878.03316733308
2015,4,2,COLOMBIA,20.223337,0.013211765666666667,16.911856,81.317665,0.15154962500000124,-0.0006451602083333337,20.196875666666667,0.03913702766666667,-0.01580012270833346,24.28922025,2015-04-01,2,163.997727272727,172.151577040816,195.931228253968,356.92567725,71.7025,392.409090909091,2868.27445389099
2015,4,2,MINAS GERAIS (BRA),19.781687,0.0016593433333333331,15.135549,74.634026,-0.4011817499999957,0.0006263322791666664,22.180463666666668,0.018907441333333334,0.04074450727916624,23.513388300000003,2015-04-01,2,163.997727272727,172.151577040816,195.931228253968,356.92567725,71.7025,392.409090909091,2868.27445389099
2015,5,2,COLOMBIA,20.223337,0.013211765666666667,16.911856,81.317665,0.15154962500000124,-0.0006451602083333337,20.210106333333332,0.039386162333333335,-0.01580012270833346,24.28922025,2015-05-01,2,158.482857142857,166.350389464286,193.216571166667,351.94953045,72.8631578947368,382.428571428571,3095.99671499246
2015,5,2,MINAS GERAIS (BRA),19.781687,0.0016593433333333331,15.135549,74.634026,-0.4011817499999957,0.0006263322791666664,20.981075333333333,0.011942735666666666,0.04074450727916624,23.513388300000003,2015-05-01,2,158.482857142857,166.350389464286,193.216571166667,351.94953045,72.8631578947368,382.428571428571,3095.99671499246
2015,6,2,COLOMBIA,20.223337,0.013211765666666667,16.911856,81.317665,0.15154962500000124,-0.0006451602083333337,20.223337,0.039635297,-0.01580012270833346,24.28922025,2015-06-01,2,159.755,166.813860714286,199.835441666667,354.823054806818,72.3522727272727,370.545454545455,3239.8841787899
2015,6,2,MINAS GERAIS (BRA),19.781687,0.0016593433333333331,15.135549,74.634026,-0.4011817499999957,0.0006263322791666664,19.781687,0.00497803,0.04074450727916624,23.513388300000003,2015-06-01,2,159.755,166.813860714286,199.835441666667,354.823054806818,72.3522727272727,370.545454545455,3239.8841787899
2015,7,3,COLOMBIA,20.528269,0.011427044999999999,16.062225,75.62119,0.4234261249999989,-0.00026611245833333373,20.324981,0.03785057633333333,-0.042608724958333226,24.309328500000003,2015-07-01,3,154.44652173913,179.608530357143,199.21748,372.347294454545,72.3478260869565,387.739130434783,3325.96010781497
2015,7,3,MINAS GERAIS (BRA),21.131327,0.0011357052,12.346974,57.545532,0.3943748749999969,0.00056138304625,20.231567,0.004454391866666667,-0.03887610445374969,24.0086036,2015-07-01,3,154.44652173913,179.608530357143,199.21748,372.347294454545,72.3478260869565,387.739130434783,3325.96010781497
2015,8,3,COLOMBIA,20.528269,0.011427044999999999,16.062225,75.62119,0.4234261249999989,-0.00026611245833333373,20.426625,0.03606585566666666,-0.042608724958333226,24.309328500000003,2015-08-01,3,156.923333333333,162.74069914966,173.517591587302,347.02237525,71.8225,375.571428571429,3154.01802015011
2015,8,3,MINAS GERAIS (BRA),21.131327,0.0011357052,12.346974,57.545532,0.3943748749999969,0.00056138304625,20.681447000000002,0.003930753733333333,-0.03887610445374969,24.0086036,2015-08-01,3,156.923333333333,162.74069914966,173.517591587302,347.02237525,71.8225,375.571428571429,3154.01802015011
2015,9,3,COLOMBIA,20.528269,0.011427044999999999,16.062225,75.62119,0.4234261249999989,-0.00026611245833333373,20.528269,0.034281135,-0.042608724958333226,24.309328500000003,2015-09-01,3,146.146818181818,166.077623979592,164.06922015873,323.554524,68.7363636363636,358.772727272727,3278.45236058649
2015,9,3,MINAS GERAIS (BRA),21.131327,0.0011357052,12.346974,57.545532,0.3943748749999969,0.00056138304625,21.131327,0.0034071156,-0.03887610445374969,24.0086036,2015-09-01,3,146.146818181818,166.077623979592,164.06922015873,323.554524,68.7363636363636,358.772727272727,3278.45236058649
2015,10,4,COLOMBIA,20.41271,0.010625486666666668,16.888306,80.32198,0.5226853750000018,0.00019011187500000103,20.489749333333336,0.03347957666666666,-0.05207842562500018,24.428809,2015-10-01,4,153.250454545455,171.448573214286,165.451481904762,327.419770363636,69.0272727272727,360.454545454545,3197.33984142531
2015,10,4,MINAS GERAIS (BRA),24.639303,0.005009294666666666,17.354776,64.99155,1.5765436249999993,-0.00033880458333333374,22.300652333333332,0.007280705066666666,-0.15799316708333327,27.888880500000003,2015-10-01,4,153.250454545455,171.448573214286,165.451481904762,327.419770363636,69.0272727272727,360.454545454545,3197.33984142531
2015,11,4,COLOMBIA,20.41271,0.010625486666666668,16.888306,80.32198,0.5226853750000018,0.00019011187500000103,20.451229666666666,0.032678018333333336,-0.05207842562500018,24.428809,2015-11-01,4,147.978571428571,166.09242406015,157.804378947368,319.0822908,69.2214285714286,358.380952380952,3360.84046321504
2015,11,4,MINAS GERAIS (BRA),24.639303,0.005009294666666666,17.354776,64.99155,1.5765436249999993,-0.00033880458333333374,23.469977666666665,0.011154294533333333,-0.15799316708333327,27.888880500000003,2015-11-01,4,147.978571428571,166.09242406015,157.804378947368,319.0822908,69.2214285714286,358.380952380952,3360.84046321504
2015,12,4,COLOMBIA,20.41271,0.010625486666666668,16.888306,80.32198,0.5226853750000018,0.00019011187500000103,20.41271,0.03187646,-0.05207842562500018,24.428809,2015-12-01,4,148.612173913044,164.004401785714,163.893455,323.315332056818,70.3880952380952,354.347826086957,3345.65621942205
2015,12,4,MINAS GERAIS (BRA),24.639303,0.005009294666666666,17.354776,64.99155,1.5765436249999993,-0.00033880458333333374,24.639303,0.015027883999999998,-0.15799316708333327,27.888880500000003,2015-12-01,4,148.612173913044,164.004401785714,163.893455,323.315332056818,70.3880952380952,354.347826086957,3345.65621942205
2016,1,1,COLOMBIA,21.55366,0.008006772666666667,16.89386,74.86672,0.9476782857142858,4.905571428572356e-06,20.793026666666666,0.029257746,-0.09476292300000001,25.296996,2016-01-01,1,145.434761904762,161.098876879699,164.611626666667,323.204353776316,68.75,359.47619047619,2952.41608727993
2016,1,1,MINAS GERAIS (BRA),23.312998,0.007173024,18.99762,76.866394,0.14934657142856977,0.001134967904761905,24.197201333333336,0.01719161333333333,-0.013799689238095074,27.156317700000002,2016-01-01,1,145.434761904762,161.098876879699,164.611626666667,323.204353776316,68.75,359.47619047619,2952.41608727993
2016,2,1,COLOMBIA,21.55366,0.008006772666666667,16.89386,74.86672,1.000470374999999,-0.0006151899166666665,21.173343333333335,0.026639032,-0.10066222741666657,25.296996,2016-02-01,1,147.697142857143,159.716845357143,159.283795,320.12948625,66.5714285714286,373.190476190476,2916.36653380488
2016,2,1,MINAS GERAIS (BRA),23.312998,0.007173024,18.99762,76.866394,0.12232150000000175,0.0008117187916666666,23.755099666666666,0.019355342666666667,-0.011420431208333508,27.156317700000002,2016-02-01,1,147.697142857143,159.716845357143,159.283795,320.12948625,66.5714285714286,373.190476190476,2916.36653380488
2016,3,1,COLOMBIA,21.55366,0.008006772666666667,16.89386,74.86672,1.000470374999999,-0.0006151899166666665,21.55366,0.024020318,-0.10066222741666657,25.296996,2016-03-01,1,157.631304347826,159.226532142857,164.060471666667,326.935421590909,65.4571428571429,370.478260869565,3073.5191380389
2016,3,1,MINAS GERAIS (BRA),23.312998,0.007173024,18.99762,76.866394,0.12232150000000175,0.0008117187916666666,23.312998,0.021519072,-0.011420431208333508,27.156317700000002,2016-03-01,1,157.631304347826,159.226532142857,164.060471666667,326.935421590909,65.4571428571429,370.478260869565,3073.5191380389
2016,4,2,COLOMBIA,20.386911,0.014459876666666668,17.517029,83.63538,0.3151236250000018,0.0006029507916666677,21.16474366666667,0.030473422,-0.030909411708333515,24.56868,2016-04-01,2,154.217619047619,164.465401870748,163.386837777778,353.80246275,69.2785714285714,376.047619047619,3078.49353330323
2016,4,2,MINAS GERAIS (BRA),20.608704,0.0010442383333333332,14.157298,66.68447,0.4258352500000022,1.1227279166666502e-05,22.41156666666667,0.015390286333333333,-0.04257229772083356,23.9429275,2016-04-01,2,154.217619047619,164.465401870748,163.386837777778,353.80246275,69.2785714285714,376.047619047619,3078.49353330323
2016,5,2,COLOMBIA,20.386911,0.014459876666666668,17.517029,83.63538,0.3151236250000018,0.0006029507916666677,20.775827333333336,0.036926526,-0.030909411708333515,24.56868,2016-05-01,2,155.194545454545,169.002119897959,157.560342063492,388.5121365,70.2775,408.818181818182,3098.38858371231
2016,5,2,MINAS GERAIS (BRA),20.608704,0.0010442383333333332,14.157298,66.68447,0.4258352500000022,1.1227279166666502e-05,21.510135333333334,0.009261500666666665,-0.04257229772083356,23.9429275,2016-05-01,2,155.194545454545,169.002119897959,157.560342063492,388.5121365,70.2775,408.818181818182,3098.38858371231
2016,6,2,COLOMBIA,20.386911,0.014459876666666668,17.517029,83.63538,0.3151236250000018,0.0006029507916666677,20.386911,0.04337963,-0.030909411708333515,24.56868,2016-06-01,2,165.452272727273,179.912739285714,156.695036666667,421.228941715909,74.1022727272727,420.681818181818,3122.75028267201
2016,6,2,MINAS GERAIS (BRA),20.608704,0.0010442383333333332,14.157298,66.68447,0.4258352500000022,1.1227279166666502e-05,20.608704,0.0031327149999999995,-0.04257229772083356,23.9429275,2016-06-01,2,165.452272727273,179.912739285714,156.695036666667,421.228941715909,74.1022727272727,420.681818181818,3122.75028267201
2016,7,3,COLOMBIA,20.095907,0.01279297,16.155151,78.12375,-0.008935875000002369,0.0010998125416666685,20.28990966666667,0.04171272333333334,0.0019934000416669054,24.002094500000002,2016-07-01,3,171.76380952381,161.823044821429,133.710203,390.4018125,81.0642857142857,456.238095238095,3049.97729681518
2016,7,3,MINAS GERAIS (BRA),21.073568,0.0005691357,11.243459,53.499775,0.3366158749999997,-5.186453749999936e-06,20.763658666666668,0.0026576123666666664,-0.03366677395374997,23.748556750000002,2016-07-01,3,171.76380952381,161.823044821429,133.710203,390.4018125,81.0642857142857,456.238095238095,3049.97729681518
2016,8,3,COLOMBIA,20.095907,0.01279297,16.155151,78.12375,-0.008935875000002369,0.0010998125416666685,20.192908333333335,0.040045816666666664,0.0019934000416669054,24.002094500000002,2016-08-01,3,167.541304347826,150.21541242236,127.899911014493,370.316587793478,80.2613636363637,414.217391304348,3032.48820296768
2016,8,3,MINAS GERAIS (BRA),21.073568,0.0005691357,11.243459,53.499775,0.3366158749999997,-5.186453749999936e-06,20.918613333333337,0.0021825097333333333,-0.03366677395374997,23.748556750000002,2016-08-01,3,167.541304347826,150.21541242236,127.899911014493,370.316587793478,80.2613636363637,414.217391304348,3032.48820296768
2016,9,3,COLOMBIA,20.095907,0.01279297,16.155151,78.12375,-0.008935875000002369,0.0010998125416666685,20.095907,0.03837891,0.0019934000416669054,24.002094500000002,2016-09-01,3,176.295454545455,148.51190170068,123.248756190476,355.90210275,77.8613636363636,384.0,2881.18737013042
2016,9,3,MINAS GERAIS (BRA),21.073568,0.0005691357,11.243459,53.499775,0.3366158749999997,-5.186453749999936e-06,21.073568,0.0017074071000000002,-0.03366677395374997,23.748556750000002,2016-09-01,3,176.295454545455,148.51190170068,123.248756190476,355.90210275,77.8613636363636,384.0,2881.18737013042
2016,10,4,COLOMBIA,19.693216,0.013343421000000001,17.163778,85.36295,-0.19680862499999918,0.002908046208333334,19.961676666666666,0.038929361,0.022588908708333254,23.9613635,2016-10-01,4,178.955238095238,152.617444047619,122.558500166667,358.38667675,78.5166666666667,367.666666666667,2711.35091110878
2016,10,4,MINAS GERAIS (BRA),22.740213,0.006125683,17.22818,71.333496,-0.3225463750000017,0.0007775837499999997,21.629116333333332,0.0072639544,0.033032221250000174,26.306887800000002,2016-10-01,4,178.955238095238,152.617444047619,122.558500166667,358.38667675,78.5166666666667,367.666666666667,2711.35091110878
2016,11,4,COLOMBIA,19.693216,0.013343421000000001,17.163778,85.36295,-0.19680862499999918,0.002908046208333334,19.82744633333333,0.039479812,0.022588908708333254,23.9613635,2016-11-01,4,184.115454545455,151.331415714286,122.549797719298,368.3730895,78.9227272727273,360.818181818182,2482.83126356115
2016,11,4,MINAS GERAIS (BRA),22.740213,0.006125683,17.22818,71.333496,-0.3225463750000017,0.0007775837499999997,22.184664666666666,0.0128205017,0.033032221250000174,26.306887800000002,2016-11-01,4,184.115454545455,151.331415714286,122.549797719298,368.3730895,78.9227272727273,360.818181818182,2482.83126356115
2016,12,4,COLOMBIA,19.693216,0.013343421000000001,17.163778,85.36295,-0.19680862499999918,0.002908046208333334,19.693216,0.040030263,0.022588908708333254,23.9613635,2016-12-01,4,161.780909090909,152.729924659864,122.846325555556,375.28877875,79.5025,367.545454545455,2295.30967167581
2016,12,4,MINAS GERAIS (BRA),22.740213,0.006125683,17.22818,71.333496,-0.3225463750000017,0.0007775837499999997,22.740213,0.018377049,0.033032221250000174,26.306887800000002,2016-12-01,4,161.780909090909,152.729924659864,122.846325555556,375.28877875,79.5025,367.545454545455,2295.30967167581
2017,1,1,COLOMBIA,19.991953,0.00905724,16.368387,79.77558,-0.6140287142857161,0.0010553729047619049,19.792794999999998,0.035744082,0.062458244333333524,23.980732,2017-01-01,1,168.612727272727,160.012106964286,137.145735833333,379.589978775,82.3309523809524,372.545454545455,2193.82674124701
2017,1,1,MINAS GERAIS (BRA),23.497183,0.004252363666666667,17.881796,70.80302,0.33353157142856915,-0.0017856924285714285,22.992536333333334,0.016503729666666665,-0.03513884957142834,27.037334,2017-01-01,1,168.612727272727,160.012106964286,137.145735833333,379.589978775,82.3309523809524,372.545454545455,2193.82674124701
2017,2,1,COLOMBIA,19.991953,0.00905724,16.368387,79.77558,-0.5612366250000029,0.000435277416666666,19.892374,0.031457900999999996,0.05655893991666696,23.980732,2017-02-01,1,166.351,162.962535912698,147.361442105263,380.872623986842,85.155,368.5,2034.08396328063
2017,2,1,MINAS GERAIS (BRA),23.497183,0.004252363666666667,17.881796,70.80302,0.3065065000000011,-0.002108941541666667,23.244859666666667,0.014630410333333333,-0.03275959154166678,27.037334,2017-02-01,1,166.351,162.962535912698,147.361442105263,380.872623986842,85.155,368.5,2034.08396328063
2017,3,1,COLOMBIA,19.991953,0.00905724,16.368387,79.77558,-0.5612366250000029,0.000435277416666666,19.991953,0.027171719999999996,0.05655893991666696,23.980732,2017-03-01,1,160.150434782609,158.979119254658,146.43149942029,366.095056173913,86.7826086956522,367.782608695652,2063.09378081967
2017,3,1,MINAS GERAIS (BRA),23.497183,0.004252363666666667,17.881796,70.80302,0.3065065000000011,-0.002108941541666667,23.497183,0.012757091,-0.03275959154166678,27.037334,2017-03-01,1,160.150434782609,158.979119254658,146.43149942029,366.095056173913,86.7826086956522,367.782608695652,2063.09378081967
2017,4,2,COLOMBIA,20.194479,0.01253597,17.056631,82.20679,0.12269162500000164,-0.001320955875,20.059461666666667,0.030650449999999996,-0.013590118375000165,24.304818500000003,2017-04-01,2,155.574,156.540452067669,138.407590701754,347.861310355263,87.0361111111111,374.5,1961.15730959898
2017,4,2,MINAS GERAIS (BRA),20.521555,0.0010539802333333333,14.581349,68.807304,0.3386862500000021,2.096917916666655e-05,22.505307,0.009558707566666668,-0.033847655820833544,23.9619202,2017-04-01,2,155.574,156.540452067669,138.407590701754,347.861310355263,87.0361111111111,374.5,1961.15730959898
2017,5,2,COLOMBIA,20.194479,0.01253597,17.056631,82.20679,0.12269162500000164,-0.001320955875,20.126970333333333,0.03412918,-0.013590118375000165,24.304818500000003,2017-05-01,2,150.0,158.600219642857,146.440213333333,350.179987261364,88.6380952380952,402.913043478261,1983.48485387547
2017,5,2,MINAS GERAIS (BRA),20.521555,0.0010539802333333333,14.581349,68.807304,0.3386862500000021,2.096917916666655e-05,21.513430999999997,0.006360324133333333,-0.033847655820833544,23.9619202,2017-05-01,2,150.0,158.600219642857,146.440213333333,350.179987261364,88.6380952380952,402.913043478261,1983.48485387547
2017,6,2,COLOMBIA,20.194479,0.01253597,17.056631,82.20679,0.12269162500000164,-0.001320955875,20.194479,0.03760791,-0.013590118375000165,24.304818500000003,2017-06-01,2,143.222727272727,157.973907142857,157.246191666667,339.728909863636,84.7636363636364,444.681818181818,1998.24532343575
2017,6,2,MINAS GERAIS (BRA),20.521555,0.0010539802333333333,14.581349,68.807304,0.3386862500000021,2.096917916666655e-05,20.521555,0.0031619407,-0.033847655820833544,23.9619202,2017-06-01,2,143.222727272727,157.973907142857,157.246191666667,339.728909863636,84.7636363636364,444.681818181818,1998.24532343575
2017,7,3,COLOMBIA,20.275309,0.011422844,15.919261,76.09978,0.17046612499999725,-0.00027031345833333255,20.221422333333333,0.036494784,-0.017316925958333056,24.080298,2017-07-01,3,149.802857142857,157.610645892857,174.532416666667,365.4528402,84.0880952380952,419.952380952381,1988.57753865907
2017,7,3,MINAS GERAIS (BRA),20.006723,0.00031550702,9.279144,50.58668,-0.730229125000001,-0.00025881513375,20.349944333333333,0.002423467486666667,0.0727640973662501,22.536057,2017-07-01,3,149.802857142857,157.610645892857,174.532416666667,365.4528402,84.0880952380952,419.952380952381,1988.57753865907
2017,8,3,COLOMBIA,20.275309,0.011422844,15.919261,76.09978,0.17046612499999725,-0.00027031345833333255,20.24836566666667,0.035381657999999996,-0.017316925958333056,24.080298,2017-08-01,3,149.877391304348,148.543430357143,139.050815072464,345.410749402174,79.3409090909091,405.652173913043,1988.55858478323
2017,8,3,MINAS GERAIS (BRA),20.006723,0.00031550702,9.279144,50.58668,-0.730229125000001,-0.00025881513375,20.178333666666667,0.0016849942733333334,0.0727640973662501,22.536057,2017-08-01,3,149.877391304348,148.543430357143,139.050815072464,345.410749402174,79.3409090909091,405.652173913043,1988.55858478323
2017,9,3,COLOMBIA,20.275309,0.011422844,15.919261,76.09978,0.17046612499999725,-0.00027031345833333255,20.275309,0.034268532,-0.017316925958333056,24.080298,2017-09-01,3,146.560476190476,147.315857857143,138.413392333333,353.86020285,80.6047619047619,413.142857142857,1998.29596544082
2017,9,3,MINAS GERAIS (BRA),20.006723,0.00031550702,9.279144,50.58668,-0.730229125000001,-0.00025881513375,20.006723,0.0009465210600000001,0.0727640973662501,22.536057,2017-09-01,3,146.560476190476,147.315857857143,138.413392333333,353.86020285,80.6047619047619,413.142857142857,1998.29596544082
2017,10,4,COLOMBIA,19.998758,0.010465781,16.534006,80.542625,0.10873337499999991,3.0406208333333407e-05,20.183125333333333,0.033311468999999996,-0.010842931291666658,24.02588925,2017-10-01,4,140.709545454545,148.722376785714,133.344516031746,358.276127522727,78.6045454545454,407.227272727273,2097.05323803964
2017,10,4,MINAS GERAIS (BRA),23.126272,0.004988576,16.577942,67.5159,0.06351262499999777,-0.00035952325000000035,21.046572666666666,0.00561959004,-0.006710785749999778,26.502067,2017-10-01,4,140.709545454545,148.722376785714,133.344516031746,358.276127522727,78.6045454545454,407.227272727273,2097.05323803964
2017,11,4,COLOMBIA,19.998758,0.010465781,16.534006,80.542625,0.10873337499999991,3.0406208333333407e-05,20.090941666666666,0.032354406,-0.010842931291666658,24.02588925,2017-11-01,4,140.904090909091,148.792165892857,138.045955666667,361.4092835,80.4113636363636,404.045454545455,2127.90190237604
2017,11,4,MINAS GERAIS (BRA),23.126272,0.004988576,16.577942,67.5159,0.06351262499999777,-0.00035952325000000035,22.08642233333333,0.010292659019999999,-0.006710785749999778,26.502067,2017-11-01,4,140.904090909091,148.792165892857,138.045955666667,361.4092835,80.4113636363636,404.045454545455,2127.90190237604
2017,12,4,COLOMBIA,19.998758,0.010465781,16.534006,80.542625,0.10873337499999991,3.0406208333333407e-05,19.998758,0.031397343,-0.010842931291666658,24.02588925,2017-12-01,4,137.30619047619,149.0874275,147.1032695,357.1533569625,85.4236842105263,407.952380952381,1917.77560409513
2017,12,4,MINAS GERAIS (BRA),23.126272,0.004988576,16.577942,67.5159,0.06351262499999777,-0.00035952325000000035,23.126272,0.014965728,-0.006710785749999778,26.502067,2017-12-01,4,137.30619047619,149.0874275,147.1032695,357.1533569625,85.4236842105263,407.952380952381,1917.77560409513
2018,1,1,COLOMBIA,20.313334,0.008063601333333333,15.857697,75.66757,-0.2926477142857138,6.173423809523876e-05,20.103616666666667,0.028995163333333334,0.02932650566666662,24.096712500000002,2018-01-01,1,138.876086956522,155.916875340136,156.388044126984,356.868812,91.0568181818182,422.304347826087,1951.82636758628
2018,1,1,MINAS GERAIS (BRA),23.155996,0.005353268333333334,18.478048,75.058784,-0.00765542857143231,-0.0006847877619047616,23.13618,0.015330420333333334,8.075509523846952e-05,26.9089352,2018-01-01,1,138.876086956522,155.916875340136,156.388044126984,356.868812,91.0568181818182,422.304347826087,1951.82636758628
2018,2,1,COLOMBIA,20.313334,0.008063601333333333,15.857697,75.66757,-0.23985562500000057,-0.0005583612500000001,20.208475333333336,0.026592983666666667,0.023427201250000057,24.096712500000002,2018-02-01,1,136.2835,163.460969736842,172.289119122807,371.232237434211,88.2675,417.85,2122.79856105788
2018,2,1,MINAS GERAIS (BRA),23.155996,0.005353268333333334,18.478048,75.058784,-0.034680500000000336,-0.0010080368749999999,23.146088000000002,0.015695112666666667,0.002460013125000034,26.9089352,2018-02-01,1,136.2835,163.460969736842,172.289119122807,371.232237434211,88.2675,417.85,2122.79856105788
2018,3,1,COLOMBIA,20.313334,0.008063601333333333,15.857697,75.66757,-0.23985562500000057,-0.0005583612500000001,20.313334,0.024190804,0.023427201250000057,24.096712500000002,2018-03-01,1,134.939090909091,172.076589965986,180.918815873016,381.89389625,92.1357142857143,409.772727272727,2503.95123441796
2018,3,1,MINAS GERAIS (BRA),23.155996,0.005353268333333334,18.478048,75.058784,-0.034680500000000336,-0.0010080368749999999,23.155996,0.016059805,0.002460013125000034,26.9089352,2018-03-01,1,134.939090909091,172.076589965986,180.918815873016,381.89389625,92.1357142857143,409.772727272727,2503.95123441796
2018,4,2,COLOMBIA,19.685354,0.014220340666666666,16.890137,83.96525,-0.3864333749999993,0.00036341479166666565,20.104007333333332,0.03034754333333333,0.0390067522916666,23.883616500000002,2018-04-01,2,134.339523809524,175.600982482993,180.376409365079,381.2683785,92.2375,432.380952380952,2624.73533456755
2018,4,2,MINAS GERAIS (BRA),20.156128,0.0008573742333333333,13.96761,67.666954,-0.026740749999998314,-0.00017563682083333344,22.15604,0.0115639109,0.002498438179166498,23.5394757,2018-04-01,2,134.339523809524,175.600982482993,180.376409365079,381.2683785,92.2375,432.380952380952,2624.73533456755
2018,5,2,COLOMBIA,19.685354,0.014220340666666666,16.890137,83.96525,-0.3864333749999993,0.00036341479166666565,19.89468066666667,0.036504282666666665,0.0390067522916666,23.883616500000002,2018-05-01,2,135.609565217391,179.179058928571,192.70383,374.848371306818,94.4785714285715,433.217391304348,2659.61316532566
2018,5,2,MINAS GERAIS (BRA),20.156128,0.0008573742333333333,13.96761,67.666954,-0.026740749999998314,-0.00017563682083333344,21.156083999999996,0.0070680168,0.002498438179166498,23.5394757,2018-05-01,2,135.609565217391,179.179058928571,192.70383,374.848371306818,94.4785714285715,433.217391304348,2659.61316532566
2018,6,2,COLOMBIA,19.685354,0.014220340666666666,16.890137,83.96525,-0.3864333749999993,0.00036341479166666565,19.685354,0.042661022,0.0390067522916666,23.883616500000002,2018-06-01,2,134.03380952381,165.140285544218,193.07921984127,339.9579615,97.7071428571429,413.142857142857,2410.75862633418
2018,6,2,MINAS GERAIS (BRA),20.156128,0.0008573742333333333,13.96761,67.666954,-0.026740749999998314,-0.00017563682083333344,20.156128,0.0025721227,0.002498438179166498,23.5394757,2018-06-01,2,134.03380952381,165.140285544218,193.07921984127,339.9579615,97.7071428571429,413.142857142857,2410.75862633418
2018,7,3,COLOMBIA,20.07962,0.010152938333333333,15.579163,75.390915,-0.025222875000004308,-0.0015402191249999989,19.816776,0.03859361966666667,0.0009820683750004322,23.849165749999997,2018-07-01,3,130.598636363636,156.55426547619,196.806077460317,312.56203375,96.1795454545455,378.681818181818,2357.04788545182
2018,7,3,MINAS GERAIS (BRA),20.52244,0.0010517838666666667,11.688252,56.993397,-0.21451212500000238,0.00047746171291666677,20.278232,0.0027665323333333335,0.021928674212916905,23.37210985,2018-07-01,3,130.598636363636,156.55426547619,196.806077460317,312.56203375,96.1795454545455,378.681818181818,2357.04788545182
2018,8,3,COLOMBIA,20.07962,0.010152938333333333,15.579163,75.390915,-0.025222875000004308,-0.0015402191249999989,19.948198,0.03452621733333333,0.0009820683750004322,23.849165749999997,2018-08-01,3,125.210869565217,162.522258540373,211.29205884058,316.658804152174,94.5522727272727,383.434782608696,2171.61071074111
2018,8,3,MINAS GERAIS (BRA),20.52244,0.0010517838666666667,11.688252,56.993397,-0.21451212500000238,0.00047746171291666677,20.400336,0.0029609419666666668,0.021928674212916905,23.37210985,2018-08-01,3,125.210869565217,162.522258540373,211.29205884058,316.658804152174,94.5522727272727,383.434782608696,2171.61071074111
2018,9,3,COLOMBIA,20.07962,0.010152938333333333,15.579163,75.390915,-0.025222875000004308,-0.0015402191249999989,20.07962,0.030458815,0.0009820683750004322,23.849165749999997,2018-09-01,3,121.18,154.945003383459,191.144421754386,306.432788605263,90.355,383.0,2194.88579621512
2018,9,3,MINAS GERAIS (BRA),20.52244,0.0010517838666666667,11.688252,56.993397,-0.21451212500000238,0.00047746171291666677,20.52244,0.0031553516,0.021928674212916905,23.37210985,2018-09-01,3,121.18,154.945003383459,191.144421754386,306.432788605263,90.355,383.0,2194.88579621512
2018,10,4,COLOMBIA,19.992218,0.009516091333333332,16.626444,81.15281,0.10219337500000236,-0.0009192834583333347,20.050486000000003,0.029821968,-0.011138620958333572,24.049858500000003,2018-10-01,4,137.341739130435,160.365565062112,188.461606666667,315.852040304348,86.8,392.04347826087,2134.1987717522
2018,10,4,MINAS GERAIS (BRA),22.696411,0.006523873666666667,17.796335,74.01315,-0.36634837500000117,0.0011757744166666665,21.247097,0.0086274414,0.037810611916666785,26.397068500000003,2018-10-01,4,137.341739130435,160.365565062112,188.461606666667,315.852040304348,86.8,392.04347826087,2134.1987717522
2018,11,4,COLOMBIA,19.992218,0.009516091333333332,16.626444,81.15281,0.10219337500000236,-0.0009192834583333347,20.021351999999997,0.029185120999999994,-0.011138620958333572,24.049858500000003,2018-11-01,4,137.107727272727,160.878207678571,181.552390877193,322.28161725,86.775,390.818181818182,2185.03430248265
2018,11,4,MINAS GERAIS (BRA),22.696411,0.006523873666666667,17.796335,74.01315,-0.36634837500000117,0.0011757744166666665,21.971754,0.014099531200000001,0.037810611916666785,26.397068500000003,2018-11-01,4,137.107727272727,160.878207678571,181.552390877193,322.28161725,86.775,390.818181818182,2185.03430248265
2018,12,4,COLOMBIA,19.992218,0.009516091333333332,16.626444,81.15281,0.10219337500000236,-0.0009192834583333347,19.992218,0.028548274,-0.011138620958333572,24.049858500000003,2018-12-01,4,127.058571428571,167.489880555556,188.535836296296,330.482023725,85.9973684210526,380.333333333333,2208.40804308194
2018,12,4,MINAS GERAIS (BRA),22.696411,0.006523873666666667,17.796335,74.01315,-0.36634837500000117,0.0011757744166666665,22.696411,0.019571621,0.037810611916666785,26.397068500000003,2018-12-01,4,127.058571428571,167.489880555556,188.535836296296,330.482023725,85.9973684210526,380.333333333333,2208.40804308194
2019,1,1,COLOMBIA,20.932892,0.0077065933333333335,16.377127,75.29817,0.32691028571428404,-0.00029527376190476105,20.305775999999998,0.026738776,-0.03298630233333317,24.6978005,2019-01-01,1,128.357391304348,166.846241496599,188.84494968254,333.77714625,82.3545454545454,383.739130434783,2263.33503646733
2019,1,1,MINAS GERAIS (BRA),23.805075,0.004824155333333333,18.50769,72.47522,0.6414235714285681,-0.001213900761904762,23.065965666666667,0.01787190266666667,-0.06535625790476157,27.428835999999997,2019-01-01,1,128.357391304348,166.846241496599,188.84494968254,333.77714625,82.3545454545454,383.739130434783,2263.33503646733
2019,2,1,COLOMBIA,20.932892,0.0077065933333333335,16.377127,75.29817,0.37970237499999726,-0.00091536925,20.619334,0.024929278,-0.038885606749999725,24.6978005,2019-02-01,1,128.454,169.656283458647,177.916701754386,334.503041526316,81.15,390.55,2255.80497302712
2019,2,1,MINAS GERAIS (BRA),23.805075,0.004824155333333333,18.50769,72.47522,0.6143985000000001,-0.0015371498750000002,23.435520333333333,0.016172184333333332,-0.06297699987500001,27.428835999999997,2019-02-01,1,128.454,169.656283458647,177.916701754386,334.503041526316,81.15,390.55,2255.80497302712
2019,3,1,COLOMBIA,20.932892,0.0077065933333333335,16.377127,75.29817,0.37970237499999726,-0.00091536925,20.932892,0.02311978,-0.038885606749999725,24.6978005,2019-03-01,1,123.888571428571,166.321331972789,164.506644761905,329.23667475,83.8095238095238,383.142857142857,2200.48467369723
2019,3,1,MINAS GERAIS (BRA),23.805075,0.004824155333333333,18.50769,72.47522,0.6143985000000001,-0.0015371498750000002,23.805075,0.014472466,-0.06297699987500001,27.428835999999997,2019-03-01,1,123.888571428571,166.321331972789,164.506644761905,329.23667475,83.8095238095238,383.142857142857,2200.48467369723
2019,4,2,COLOMBIA,20.343496,0.013492666666666667,17.290731,82.662964,0.2717086249999987,-0.0003642592083333337,20.736426666666663,0.028905853333333332,-0.027535121708333207,24.4766442,2019-04-01,2,120.990454545455,161.653386564626,159.030088730159,324.254404,87.2475,397.409090909091,2331.1310220934
2019,4,2,MINAS GERAIS (BRA),20.769247,0.0016154684,15.367198,71.34497,0.5863782500000028,0.0005824573458333333,22.793132333333332,0.011263779066666667,-0.058055367654166946,24.3364955,2019-04-01,2,120.990454545455,161.653386564626,159.030088730159,324.254404,87.2475,397.409090909091,2331.1310220934
2019,5,2,COLOMBIA,20.343496,0.013492666666666667,17.290731,82.662964,0.2717086249999987,-0.0003642592083333337,20.539961333333334,0.034691926666666664,-0.027535121708333207,24.4766442,2019-05-01,2,120.549130434783,171.180153571429,158.281695,305.310919056818,80.1380952380952,390.304347826087,2315.07239968017
2019,5,2,MINAS GERAIS (BRA),20.769247,0.0016154684,15.367198,71.34497,0.5863782500000028,0.0005824573458333333,21.781189666666666,0.008055092133333334,-0.058055367654166946,24.3364955,2019-05-01,2,120.549130434783,171.180153571429,158.281695,305.310919056818,80.1380952380952,390.304347826087,2315.07239968017
2019,6,2,COLOMBIA,20.343496,0.013492666666666667,17.290731,82.662964,0.2717086249999987,-0.0003642592083333337,20.343496,0.040478,-0.027535121708333207,24.4766442,2019-06-01,2,129.7235,195.167922321429,174.697763166667,326.6147493,77.65,396.25,2407.73108773711
2019,6,2,MINAS GERAIS (BRA),20.769247,0.0016154684,15.367198,71.34497,0.5863782500000028,0.0005824573458333333,20.769247,0.0048464052,-0.058055367654166946,24.3364955,2019-06-01,2,129.7235,195.167922321429,174.697763166667,326.6147493,77.65,396.25,2407.73108773711
2019,7,3,COLOMBIA,20.521677,0.008892537333333334,15.267924,71.91845,0.4168341249999976,-0.0028006201249999984,20.402889666666663,0.035877870666666666,-0.04448403262499977,24.1175995,2019-07-01,3,135.470434782609,189.486373214286,163.876753333333,325.469849011364,75.5391304347826,395.95652173913,2416.52962109195
2019,7,3,MINAS GERAIS (BRA),20.831644,0.0006618557333333334,10.915456,53.339848,0.09469187499999876,8.753357958333347e-05,20.790046,0.003892792533333333,-0.009381653920416544,23.498636400000002,2019-07-01,3,135.470434782609,189.486373214286,163.876753333333,325.469849011364,75.5391304347826,395.95652173913,2416.52962109195
2019,8,3,COLOMBIA,20.521677,0.008892537333333334,15.267924,71.91845,0.4168341249999976,-0.0028006201249999984,20.462283333333332,0.03127774133333333,-0.04448403262499977,24.1175995,2019-08-01,3,126.279545454545,163.628614285714,149.363005,314.626282090909,70.7761904761905,414.681818181818,2194.69841555263
2019,8,3,MINAS GERAIS (BRA),20.831644,0.0006618557333333334,10.915456,53.339848,0.09469187499999876,8.753357958333347e-05,20.810845,0.002939179866666667,-0.009381653920416544,23.498636400000002,2019-08-01,3,126.279545454545,163.628614285714,149.363005,314.626282090909,70.7761904761905,414.681818181818,2194.69841555263
2019,9,3,COLOMBIA,20.521677,0.008892537333333334,15.267924,71.91845,0.4168341249999976,-0.0028006201249999984,20.521677,0.026677612000000003,-0.04448403262499977,24.1175995,2019-09-01,3,128.894285714286,157.374436607143,146.570486333333,322.453525275,71.3119047619048,415.428571428571,2305.34171365752
2019,9,3,MINAS GERAIS (BRA),20.831644,0.0006618557333333334,10.915456,53.339848,0.09469187499999876,8.753357958333347e-05,20.831644,0.0019855672,-0.009381653920416544,23.498636400000002,2019-09-01,3,128.894285714286,157.374436607143,146.570486333333,322.453525275,71.3119047619048,415.428571428571,2305.34171365752
2019,10,4,COLOMBIA,20.108042,0.010340002666666667,16.655935,80.581474,0.2180173750000023,-9.537212499999975e-05,20.383798666666667,0.02812507733333334,-0.02189710962500023,24.137115700000003,2019-10-01,4,127.051304347826,167.297794099379,153.22109,339.87123723913,73.8847826086957,399.130434782609,2435.27454023711
2019,10,4,MINAS GERAIS (BRA),23.651072,0.005259382333333333,17.176615,67.61013,0.5883126249999968,-8.871691666666702e-05,21.77145333333333,0.0065830938,-0.05891997941666635,27.0315785,2019-10-01,4,127.051304347826,167.297794099379,153.22109,339.87123723913,73.8847826086957,399.130434782609,2435.27454023711
2019,11,4,COLOMBIA,20.108042,0.010340002666666667,16.655935,80.581474,0.2180173750000023,-9.537212499999975e-05,20.245920333333334,0.029572542666666667,-0.02189710962500023,24.137115700000003,2019-11-01,4,140.981428571429,166.361785526316,157.528264259259,332.9576305125,74.8571428571428,394.571428571429,2519.66253231188
2019,11,4,MINAS GERAIS (BRA),23.651072,0.005259382333333333,17.176615,67.61013,0.5883126249999968,-8.871691666666702e-05,22.71126266666667,0.0111806204,-0.05891997941666635,27.0315785,2019-11-01,4,140.981428571429,166.361785526316,157.528264259259,332.9576305125,74.8571428571428,394.571428571429,2519.66253231188
2019,12,4,COLOMBIA,20.108042,0.010340002666666667,16.655935,80.581474,0.2180173750000023,-9.537212499999975e-05,20.108042,0.031020008,-0.02189710962500023,24.137115700000003,2019-12-01,4,156.029090909091,167.059017321429,165.254640833333,334.94944525,75.83,397.0,2444.79207812378
2019,12,4,MINAS GERAIS (BRA),23.651072,0.005259382333333333,17.176615,67.61013,0.5883126249999968,-8.871691666666702e-05,23.651072,0.015778147,-0.05891997941666635,27.0315785,2019-12-01,4,156.029090909091,167.059017321429,165.254640833333,334.94944525,75.83,397.0,2444.79207812378
2020,1,1,COLOMBIA,21.26061,0.005730778,15.628886,70.34107,0.6546282857142849,-0.0022710890952380948,20.492231333333336,0.026410783333333337,-0.06773391766666659,24.7776635,2020-01-01,1,142.93652173913,171.814135204082,178.241777301587,337.079705,79.0681818181818,428.521739130435,2603.07556121266
2020,1,1,MINAS GERAIS (BRA),22.755423,0.008175339666666667,19.039713,79.63791,-0.40822842857143016,0.0021372835714285714,23.352522333333336,0.018694104333333333,0.042960126428571596,26.7373185,2020-01-01,1,142.93652173913,171.814135204082,178.241777301587,337.079705,79.0681818181818,428.521739130435,2603.07556121266
2020,2,1,COLOMBIA,21.26061,0.005730778,15.628886,70.34107,0.7074203749999981,-0.0028911845833333337,20.876420666666665,0.021801558666666665,-0.07363322208333314,24.7776635,2020-02-01,1,135.5005,168.744598496241,172.231102807018,325.428314565789,76.5675,430.25,2716.21439777728
2020,2,1,MINAS GERAIS (BRA),22.755423,0.008175339666666667,19.039713,79.63791,-0.4352534999999982,0.001814034458333333,23.053972666666667,0.021610061666666666,0.04533938445833316,26.7373185,2020-02-01,1,135.5005,168.744598496241,172.231102807018,325.428314565789,76.5675,430.25,2716.21439777728
2020,3,1,COLOMBIA,21.26061,0.005730778,15.628886,70.34107,0.7074203749999981,-0.0028911845833333337,21.26061,0.017192334,-0.07363322208333314,24.7776635,2020-03-01,1,148.327272727273,162.179148214286,170.874751666667,319.336156363636,67.6863636363636,471.681818181818,2338.4705362227
2020,3,1,MINAS GERAIS (BRA),22.755423,0.008175339666666667,19.039713,79.63791,-0.4352534999999982,0.001814034458333333,22.755423,0.024526019,0.04533938445833316,26.7373185,2020-03-01,1,148.327272727273,162.179148214286,170.874751666667,319.336156363636,67.6863636363636,471.681818181818,2338.4705362227
2020,4,2,COLOMBIA,20.48529,0.01415196,17.153442,81.23757,0.41350262499999957,0.0002950341249999995,21.002170000000003,0.025613516,-0.04105522837499996,24.547168499999998,2020-04-01,2,154.630454545455,147.012160204082,179.746517936508,309.994349,63.5325,542.818181818182,2270.23869684681
2020,4,2,MINAS GERAIS (BRA),19.58204,0.0009349194999999999,13.683675,68.82751,-0.600828749999998,-9.809155416666679e-05,21.697628666666663,0.017285598833333332,0.05998478344583314,23.0234155,2020-04-01,2,154.630454545455,147.012160204082,179.746517936508,309.994349,63.5325,542.818181818182,2270.23869684681
2020,5,2,COLOMBIA,20.48529,0.01415196,17.153442,81.23757,0.41350262499999957,0.0002950341249999995,20.74373,0.034034697999999995,-0.04105522837499996,24.547168499999998,2020-05-01,2,149.91619047619,143.98924375,174.954968833333,309.3314314125,65.7026315789474,498.857142857143,2317.45393156496
2020,5,2,MINAS GERAIS (BRA),19.58204,0.0009349194999999999,13.683675,68.82751,-0.600828749999998,-9.809155416666679e-05,20.639834333333333,0.010045178666666666,0.05998478344583314,23.0234155,2020-05-01,2,149.91619047619,143.98924375,174.954968833333,309.3314314125,65.7026315789474,498.857142857143,2317.45393156496
2020,6,2,COLOMBIA,20.48529,0.01415196,17.153442,81.23757,0.41350262499999957,0.0002950341249999995,20.48529,0.04245588,-0.04105522837499996,24.547168499999998,2020-06-01,2,141.52,148.042380357143,169.722336666667,318.643036568182,67.8,503.045454545455,2228.61763558442
2020,6,2,MINAS GERAIS (BRA),19.58204,0.0009349194999999999,13.683675,68.82751,-0.600828749999998,-9.809155416666679e-05,19.58204,0.0028047585,0.05998478344583314,23.0234155,2020-06-01,2,141.52,148.042380357143,169.722336666667,318.643036568182,67.8,503.045454545455,2228.61763558442
2020,7,3,COLOMBIA,19.962646,0.013935911,16.282614,79.39568,-0.14219687500000333,0.0022427535416666682,20.31107533333333,0.042239831,0.016462441041667004,23.93243,2020-07-01,3,146.780869565217,152.587619642857,170.574121666667,328.935447988636,68.5239130434783,464.478260869565,2102.07713180143
2020,7,3,MINAS GERAIS (BRA),20.997568,0.0002966507333333333,10.029674,50.027954,0.26061587499999916,-0.00027767142041666665,20.053882666666667,0.002166489733333333,-0.026339258920416584,23.4989657,2020-07-01,3,146.780869565217,152.587619642857,170.574121666667,328.935447988636,68.5239130434783,464.478260869565,2102.07713180143
2020,8,3,COLOMBIA,19.962646,0.013935911,16.282614,79.39568,-0.14219687500000333,0.0022427535416666682,20.136860666666667,0.042023782,0.016462441041667004,23.93243,2020-08-01,3,163.071428571429,149.392999829932,174.182476984127,332.14117675,70.0,484.428571428571,2348.67630926201
2020,8,3,MINAS GERAIS (BRA),20.997568,0.0002966507333333333,10.029674,50.027954,0.26061587499999916,-0.00027767142041666665,20.525725333333334,0.0015282209666666667,-0.026339258920416584,23.4989657,2020-08-01,3,163.071428571429,149.392999829932,174.182476984127,332.14117675,70.0,484.428571428571,2348.67630926201
2020,9,3,COLOMBIA,19.962646,0.013935911,16.282614,79.39568,-0.14219687500000333,0.0022427535416666682,19.962646,0.041807733,0.016462441041667004,23.93243,2020-09-01,3,166.564545454545,166.602533503401,204.137313809524,366.824605,70.8136363636363,491.909090909091,2457.61192365856
2020,9,3,MINAS GERAIS (BRA),20.997568,0.0002966507333333333,10.029674,50.027954,0.26061587499999916,-0.00027767142041666665,20.997568,0.0008899521999999999,-0.026339258920416584,23.4989657,2020-09-01,3,166.564545454545,166.602533503401,204.137313809524,366.824605,70.8136363636363,491.909090909091,2457.61192365856
2020,10,4,COLOMBIA,19.820425,0.011614606666666666,16.606974,81.79351,-0.06959962499999861,0.0011792318749999989,19.915239,0.03948642866666666,0.00813919437499986,23.9101005,2020-10-01,4,152.056818181818,186.7663875,203.4263,387.575052852273,74.8159090909091,458.863636363636,2292.05417556777
2020,10,4,MINAS GERAIS (BRA),23.32255,0.0053399400000000005,16.774658,67.18667,0.2597906249999973,-8.159249999999639e-06,21.772562000000004,0.005933241466666667,-0.02598722174999973,26.6818835,2020-10-01,4,152.056818181818,186.7663875,203.4263,387.575052852273,74.8159090909091,458.863636363636,2292.05417556777
2020,11,4,COLOMBIA,19.820425,0.011614606666666666,16.606974,81.79351,-0.06959962499999861,0.0011792318749999989,19.867831999999996,0.037165124333333334,0.00813919437499986,23.9101005,2020-11-01,4,150.726190476191,190.625037593985,210.753936491228,419.585496225,77.7238095238095,459.857142857143,2359.24371616157
2020,11,4,MINAS GERAIS (BRA),23.32255,0.0053399400000000005,16.774658,67.18667,0.2597906249999973,-8.159249999999639e-06,22.547556,0.010976530733333333,-0.02598722174999973,26.6818835,2020-11-01,4,150.726190476191,190.625037593985,210.753936491228,419.585496225,77.7238095238095,459.857142857143,2359.24371616157
2020,12,4,COLOMBIA,19.820425,0.011614606666666666,16.606974,81.79351,-0.06959962499999861,0.0011792318749999989,19.820425,0.03484382,0.00813919437499986,23.9101005,2020-12-01,4,157.952608695652,199.184417517007,217.312542857143,443.655124977273,81.0214285714286,499.347826086957,2405.76492397114
2020,12,4,MINAS GERAIS (BRA),23.32255,0.0053399400000000005,16.774658,67.18667,0.2597906249999973,-8.159249999999639e-06,23.32255,0.01601982,-0.02598722174999973,26.6818835,2020-12-01,4,157.952608695652,199.184417517007,217.312542857143,443.655124977273,81.0214285714286,499.347826086957,2405.76492397114
2021,1,1,COLOMBIA,20.305237,0.008704476000000001,15.635304,74.65078,-0.30074471428571314,0.0007026089047619064,19.982029,0.031933689333333334,0.03077708033333322,24.037776,2021-01-01,1,160.819523809524,231.754461466165,237.944249824561,504.312117197368,87.235,518.47619047619,2392.97356342042
2021,1,1,MINAS GERAIS (BRA),22.952158,0.0050562,17.943686,73.526764,-0.21149342857142983,-0.0009818560952380949,23.199085999999998,0.01573608,0.020167486761904888,26.6284962,2021-01-01,1,160.819523809524,231.754461466165,237.944249824561,504.312117197368,87.235,518.47619047619,2392.97356342042
2021,2,1,COLOMBIA,20.305237,0.008704476000000001,15.635304,74.65078,-0.24795262499999993,8.251341666666752e-05,20.143633000000005,0.029023558666666664,0.024877775916666664,24.037776,2021-02-01,1,166.429,245.554056578947,240.806388070175,507.817272789474,92.76,535.75,2383.02850665624
2021,2,1,MINAS GERAIS (BRA),22.952158,0.0050562,17.943686,73.526764,-0.23851849999999786,-0.0013051052083333332,23.075622,0.01545234,0.02254674479166645,26.6284962,2021-02-01,1,166.429,245.554056578947,240.806388070175,507.817272789474,92.76,535.75,2383.02850665624
2021,3,1,COLOMBIA,20.305237,0.008704476000000001,15.635304,74.65078,-0.24795262499999993,8.251341666666752e-05,20.305237,0.026113428,0.024877775916666664,24.037776,2021-03-01,1,167.050869565217,245.760356832298,229.887549275362,519.879422315217,91.4521739130435,502.347826086957,2471.20432216576
2021,3,1,MINAS GERAIS (BRA),22.952158,0.0050562,17.943686,73.526764,-0.23851849999999786,-0.0013051052083333332,22.952158,0.0151686,0.02254674479166645,26.6284962,2021-03-01,1,167.050869565217,245.760356832298,229.887549275362,519.879422315217,91.4521739130435,502.347826086957,2471.20432216576
2021,4,2,COLOMBIA,19.748636,0.014054715666666667,17.026052,84.34261,-0.32315137499999835,0.00019778979166666655,20.119703333333334,0.03146366766666667,0.0325129272916665,23.9657665,2021-04-01,2,168.648636363636,268.622448809524,239.936143333333,537.418366704545,90.73,470.272727272727,2366.48605729395
2021,4,2,MINAS GERAIS (BRA),20.165232,0.0004112247333333333,12.57489,61.719692,-0.017636749999997647,-0.0006217863208333335,22.023182666666667,0.010523624733333334,0.0011418886791664314,23.2512166,2021-04-01,2,168.648636363636,268.622448809524,239.936143333333,537.418366704545,90.73,470.272727272727,2366.48605729395
2021,5,2,COLOMBIA,19.748636,0.014054715666666667,17.026052,84.34261,-0.32315137499999835,0.00019778979166666655,19.934169666666666,0.03681390733333333,0.0325129272916665,23.9657665,2021-05-01,2,186.462857142857,304.297549659864,278.447005396825,576.96794925,90.8868421052632,477.190476190476,2409.35743126594
2021,5,2,MINAS GERAIS (BRA),20.165232,0.0004112247333333333,12.57489,61.719692,-0.017636749999997647,-0.0006217863208333335,21.094207333333333,0.005878649466666667,0.0011418886791664314,23.2512166,2021-05-01,2,186.462857142857,304.297549659864,278.447005396825,576.96794925,90.8868421052632,477.190476190476,2409.35743126594
2021,6,2,COLOMBIA,19.748636,0.014054715666666667,17.026052,84.34261,-0.32315137499999835,0.00019778979166666655,19.748636,0.042164147,0.0325129272916665,23.9657665,2021-06-01,2,192.064545454545,292.523726785714,238.767026666667,537.355735397727,94.5045454545455,454.863636363636,2366.29376388017
2021,6,2,MINAS GERAIS (BRA),20.165232,0.0004112247333333333,12.57489,61.719692,-0.017636749999997647,-0.0006217863208333335,20.165232,0.0012336742,0.0011418886791664314,23.2512166,2021-06-01,2,192.064545454545,292.523726785714,238.767026666667,537.355735397727,94.5045454545455,454.863636363636,2366.29376388017
2021,7,3,COLOMBIA,19.744507,0.013788283333333333,16.217306,80.13542,-0.3603358750000041,0.002095125875000001,19.747259666666665,0.04189771466666667,0.03812871337500041,23.751278,2021-07-01,3,204.500909090909,278.445755612245,243.628006984127,523.5714795,97.7,414.863636363636,2328.27955315558
2021,7,3,MINAS GERAIS (BRA),20.995127,0.00016005967666666668,8.770569,45.683197,0.25817487499999814,-0.00041426247708333333,20.441863666666666,0.0009825091433333334,-0.02623174997708315,23.27928685,2021-07-01,3,204.500909090909,278.445755612245,243.628006984127,523.5714795,97.7,414.863636363636,2328.27955315558
2021,8,3,COLOMBIA,19.744507,0.013788283333333333,16.217306,80.13542,-0.3603358750000041,0.002095125875000001,19.745883333333335,0.04163128233333333,0.03812871337500041,23.751278,2021-08-01,3,216.434545454545,257.020755357143,274.87603,504.040055590909,101.304761904762,386.772727272727,2477.5003616693
2021,8,3,MINAS GERAIS (BRA),20.995127,0.00016005967666666668,8.770569,45.683197,0.25817487499999814,-0.00041426247708333333,20.718495333333333,0.0007313440866666667,-0.02623174997708315,23.27928685,2021-08-01,3,216.434545454545,257.020755357143,274.87603,504.040055590909,101.304761904762,386.772727272727,2477.5003616693
2021,9,3,COLOMBIA,19.744507,0.013788283333333333,16.217306,80.13542,-0.3603358750000041,0.002095125875000001,19.744507,0.04136485,0.03812871337500041,23.751278,2021-09-01,3,225.536818181818,235.815603571429,269.733507301587,469.44013575,103.681818181818,387.0,2552.76442186016
2021,9,3,MINAS GERAIS (BRA),20.995127,0.00016005967666666668,8.770569,45.683197,0.25817487499999814,-0.00041426247708333333,20.995127,0.00048017903000000005,-0.02623174997708315,23.27928685,2021-09-01,3,225.536818181818,235.815603571429,269.733507301587,469.44013575,103.681818181818,387.0,2552.76442186016
2021,10,4,COLOMBIA,19.764841,0.01189926,16.783112,82.97433,-0.12518362499999824,0.001463885208333333,19.751285,0.039475826666666665,0.013982247708333157,23.9135575,2021-10-01,4,241.073333333333,239.60245085034,294.036818253968,452.02187225,117.383333333333,388.904761904762,2573.72524793001
2021,10,4,MINAS GERAIS (BRA),22.206686,0.006997636333333334,17.223755,73.49027,-0.8560733750000011,0.0016495370833333337,21.398980000000005,0.0073177556866666675,0.08725687458333345,25.8811995,2021-10-01,4,241.073333333333,239.60245085034,294.036818253968,452.02187225,117.383333333333,388.904761904762,2573.72524793001
2021,11,4,COLOMBIA,19.764841,0.01189926,16.783112,82.97433,-0.12518362499999824,0.001463885208333333,19.758063000000003,0.037586803333333335,0.013982247708333157,23.9135575,2021-11-01,4,258.978181818182,248.767746071429,317.437354813333,454.57643425,126.543181818182,383.545454545455,2405.87446548502
2021,11,4,MINAS GERAIS (BRA),22.206686,0.006997636333333334,17.223755,73.49027,-0.8560733750000011,0.0016495370833333337,21.802833000000003,0.014155332343333334,0.08725687458333345,25.8811995,2021-11-01,4,258.978181818182,248.767746071429,317.437354813333,454.57643425,126.543181818182,383.545454545455,2405.87446548502
2021,12,4,COLOMBIA,19.764841,0.01189926,16.783112,82.97433,-0.12518362499999824,0.001463885208333333,19.764841,0.03569778,0.013982247708333157,23.9135575,2021-12-01,4,268.329130434783,264.573146768707,324.017900555555,473.8100115,120.040476190476,383.565217391304,2378.73085848743
2021,12,4,MINAS GERAIS (BRA),22.206686,0.006997636333333334,17.223755,73.49027,-0.8560733750000011,0.0016495370833333337,22.206686,0.020992909,0.08725687458333345,25.8811995,2021-12-01,4,268.329130434783,264.573146768707,324.017900555555,473.8100115,120.040476190476,383.565217391304,2378.73085848743
2022,1,1,COLOMBIA,19.884186,0.008743608333333333,16.012075,78.463264,-0.7217957142857152,0.0007417412380952386,19.804622666666667,0.03254212833333333,0.07292131266666677,23.8073492,2022-01-01,1,271.081428571429,276.719178214286,326.081669833333,514.4485437,132.3325,397.0,2467.3568625824
2022,1,1,MINAS GERAIS (BRA),22.666727,0.007432041666666667,18.20288,76.23813,-0.49692442857142893,0.0013939855714285715,22.360033,0.021427314333333336,0.051086428428571466,26.4786335,2022-01-01,1,271.081428571429,276.719178214286,326.081669833333,514.4485437,132.3325,397.0,2467.3568625824
2022,2,1,COLOMBIA,19.884186,0.008743608333333333,16.012075,78.463264,-0.669003625000002,0.00012164574999999969,19.844404333333333,0.029386476666666668,0.0670220082500002,23.8073492,2022-02-01,1,279.8335,292.671593045113,347.5032275,583.693013289474,138.405,410.0,2551.32688358408
2022,2,1,MINAS GERAIS (BRA),22.666727,0.007432041666666667,18.20288,76.23813,-0.523949499999997,0.0010707364583333332,22.51338,0.021861719666666668,0.05346568645833303,26.4786335,2022-02-01,1,279.8335,292.671593045113,347.5032275,583.693013289474,138.405,410.0,2551.32688358408
2022,3,1,COLOMBIA,19.884186,0.008743608333333333,16.012075,78.463264,-0.669003625000002,0.00012164574999999969,19.884186,0.026230825,0.0670220082500002,23.8073492,2022-03-01,1,258.99347826087,335.930684161491,387.665013697101,617.198306869565,141.126086956522,419.434782608696,2459.39831964072
2022,3,1,MINAS GERAIS (BRA),22.666727,0.007432041666666667,18.20288,76.23813,-0.523949499999997,0.0010707364583333332,22.666727,0.022296125,0.05346568645833303,26.4786335,2022-03-01,1,258.99347826087,335.930684161491,387.665013697101,617.198306869565,141.126086956522,419.434782608696,2459.39831964072
2022,4,2,COLOMBIA,19.506796,0.014728111666666667,16.940012,85.14152,-0.5649913749999982,0.0008711857916666663,19.758389333333334,0.032215328333333335,0.05737032329166649,23.763872000000003,2022-04-01,2,265.397619047619,348.507116964286,406.026886301667,618.13839025,155.315789473684,415.761904761905,2457.38410728915
2022,4,2,MINAS GERAIS (BRA),19.878357,0.0006875396666666667,12.461507,62.344555,-0.3045117499999961,-0.00034547138750000005,21.73727033333334,0.015551623,0.030105703612499608,22.995584750000003,2022-04-01,2,265.397619047619,348.507116964286,406.026886301667,618.13839025,155.315789473684,415.761904761905,2457.38410728915
2022,5,2,COLOMBIA,19.506796,0.014728111666666667,16.940012,85.14152,-0.5649913749999982,0.0008711857916666663,19.632592666666667,0.03819983166666666,0.05737032329166649,23.763872000000003,2022-05-01,2,260.449545454545,344.909299603175,444.15656781746,617.122967761364,163.979545454545,425.272727272727,2363.871129036
2022,5,2,MINAS GERAIS (BRA),19.878357,0.0006875396666666667,12.461507,62.344555,-0.3045117499999961,-0.00034547138750000005,20.807813666666668,0.008807121,0.030105703612499608,22.995584750000003,2022-05-01,2,260.449545454545,344.909299603175,444.15656781746,617.122967761364,163.979545454545,425.272727272727,2363.871129036
2022,6,2,COLOMBIA,19.506796,0.014728111666666667,16.940012,85.14152,-0.5649913749999982,0.0008711857916666663,19.506796,0.044184335,0.05737032329166649,23.763872000000003,2022-06-01,2,273.763636363636,335.717134013605,397.6523199,621.198178125,154.445454545455,434.181818181818,2323.11668724405
2022,6,2,MINAS GERAIS (BRA),19.878357,0.0006875396666666667,12.461507,62.344555,-0.3045117499999961,-0.00034547138750000005,19.878357,0.002062619,0.030105703612499608,22.995584750000003,2022-06-01,2,273.763636363636,335.717134013605,397.6523199,621.198178125,154.445454545455,434.181818181818,2323.11668724405
2022,7,3,COLOMBIA,19.630808,0.011132730666666667,16.12561,80.239815,-0.4740348750000045,-0.0005604267916666655,19.548133333333336,0.040588954,0.046843060708333786,23.642798749999997,2022-07-01,3,255.906666666667,312.682041964286,321.97512765873,571.00147225,131.035714285714,412.47619047619,2239.40228612775
2022,7,3,MINAS GERAIS (BRA),20.33722,0.00040387930000000005,9.8654175,51.057453,-0.39973212500000344,-0.00017044285374999993,20.031311333333335,0.0017789586333333332,0.03980276964625035,22.89009265,2022-07-01,3,255.906666666667,312.682041964286,321.97512765873,571.00147225,131.035714285714,412.47619047619,2239.40228612775
2022,8,3,COLOMBIA,19.630808,0.011132730666666667,16.12561,80.239815,-0.4740348750000045,-0.0005604267916666655,19.589470666666667,0.036993573,0.046843060708333786,23.642798749999997,2022-08-01,3,268.48347826087,293.930790333851,323.016768768116,576.824169554348,124.758695652174,411.086956521739,2270.1027736141
2022,8,3,MINAS GERAIS (BRA),20.33722,0.00040387930000000005,9.8654175,51.057453,-0.39973212500000344,-0.00017044285374999993,20.184265666666665,0.0014952982666666668,0.03980276964625035,22.89009265,2022-08-01,3,268.48347826087,293.930790333851,323.016768768116,576.824169554348,124.758695652174,411.086956521739,2270.1027736141
2022,9,3,COLOMBIA,19.630808,0.011132730666666667,16.12561,80.239815,-0.4740348750000045,-0.0005604267916666655,19.630808,0.033398192,0.046843060708333786,23.642798749999997,2022-09-01,3,267.492272727273,312.546127891156,346.322181071428,537.551980159091,117.940909090909,426.818181818182,2220.21424462955
2022,9,3,MINAS GERAIS (BRA),20.33722,0.00040387930000000005,9.8654175,51.057453,-0.39973212500000344,-0.00017044285374999993,20.33722,0.0012116379,0.03980276964625035,22.89009265,2022-09-01,3,267.492272727273,312.546127891156,346.322181071428,537.551980159091,117.940909090909,426.818181818182,2220.21424462955
2022,10,4,COLOMBIA,19.329987,0.005678349,16.484314,83.675255,-0.5600376249999997,-0.004757025791666667,19.530534333333332,0.027943810333333333,0.0512467367083333,23.51374975,2022-10-01,4,240.082380952381,343.553283333333,353.712907166667,507.5442275,100.27619047619,416.095238095238,2243.63109825052
2022,10,4,MINAS GERAIS (BRA),22.119568,0.002540408,16.493399,70.91746,-0.9431913750000014,-0.00280769125,20.931335999999998,0.0033481666,0.09151144625000016,25.665441,2022-10-01,4,240.082380952381,343.553283333333,353.712907166667,507.5442275,100.27619047619,416.095238095238,2243.63109825052
2022,11,4,COLOMBIA,19.329987,0.005678349,16.484314,83.675255,-0.5600376249999997,-0.004757025791666667,19.430260666666666,0.022489428666666665,0.0512467367083333,23.51374975,2022-11-01,4,213.718181818182,320.929682857143,344.329860728333,529.748119329545,101.165909090909,416.318181818182,2380.80307026911
2022,11,4,MINAS GERAIS (BRA),22.119568,0.002540408,16.493399,70.91746,-0.9431913750000014,-0.00280769125,21.525452,0.0054846953,0.09151144625000016,25.665441,2022-11-01,4,213.718181818182,320.929682857143,344.329860728333,529.748119329545,101.165909090909,416.318181818182,2380.80307026911
2022,12,4,COLOMBIA,19.329987,0.005678349,16.484314,83.675255,-0.5600376249999997,-0.004757025791666667,19.329987,0.017035047,0.0512467367083333,23.51374975,2022-12-01,4,210.388636363636,302.235405102041,323.654838134921,541.831786125,100.886363636364,444.227272727273,2456.22695375839
2022,12,4,MINAS GERAIS (BRA),22.119568,0.002540408,16.493399,70.91746,-0.9431913750000014,-0.00280769125,22.119568,0.007621224,0.09151144625000016,25.665441,2022-12-01,4,210.388636363636,302.235405102041,323.654838134921,541.831786125,100.886363636364,444.227272727273,2456.22695375839
